Patient_ID,MGMT_Label,Patient_Probability
Patient-008,1,0.919051645057542
Patient-021,0,0.5312996552946667
Patient-022,0,0.12769752883395996
Patient-033,1,0.7374915809755643
Patient-040,0,0.03624404367116673
Patient-049,0,0.06171739727970039
Patient-051,1,0.8141514401262006
Patient-060,1,0.9227653267760679
Patient-061,1,0.2592963372415397
Patient-067,1,0.9878838891568391
Patient-068,0,0.6849140690051412
Patient-080,0,0.5107673873157742
Patient-090,0,0.6599361383329289
