Level,Accuracy,Precision,Recall,F1,ROC_AUC
Level 1 (Volume Only),0.5860058309037901,0.7333333333333333,0.5525114155251142,0.6302083333333334,0.6915967005449992
Level 2 (Region-Aware),0.7521865889212828,0.8018018018018018,0.8127853881278538,0.8072562358276644,0.7784283399617028
