{
  "config": {
    "seed": 42,
    "n_splits": 5,
    "min_week_for_label": 12,
    "class_imbalance_ratio": 18.0,
    "xgboost_params": {
      "max_depth": 3,
      "n_estimators": 100,
      "learning_rate": 0.05,
      "subsample": 0.8,
      "colsample_bytree": 0.8
    }
  },
  "preprocessing": {
    "original_count": 110,
    "after_low_variance": 110,
    "after_correlation": 66,
    "final_count": 66
  },
  "metrics": {
    "roc_auc": {
      "mean": 0.40476190476190477,
      "std": 0.284222294912222,
      "folds": [
        0.33333333333333337,
        null,
        0.3571428571428571,
        0.0714285714285714,
        0.8571428571428572
      ]
    },
    "accuracy": {
      "mean": 0.9216666666666666,
      "std": 0.023333333333333334,
      "folds": [
        0.875,
        0.9333333333333333,
        0.9333333333333333,
        0.9333333333333333,
        0.9333333333333333
      ]
    },
    "precision": {
      "mean": 0.0,
      "std": 0.0,
      "folds": [
        0.0,
        0.0,
        0.0,
        0.0,
        0.0
      ]
    },
    "recall": {
      "mean": 0.0,
      "std": 0.0,
      "folds": [
        0.0,
        0.0,
        0.0,
        0.0,
        0.0
      ]
    },
    "f1": {
      "mean": 0.0,
      "std": 0.0,
      "folds": [
        0.0,
        0.0,
        0.0,
        0.0,
        0.0
      ]
    }
  },
  "confusion_matrix": [
    [
      70,
      2
    ],
    [
      4,
      0
    ]
  ]
}