Feature,LR_Coefficient,RF_Importance
V_base,0.2438185891165095,0.1490896944156447
V_follow,0.7733386757723367,0.4553116978577121
Delta_V,0.21859103827188517,0.16558530099562363
Delta_V_percent,0.1138268746548411,0.2300133067310196
