Model,Accuracy,Precision,Recall,F1_Score,ROC_AUC
Logistic Regression,0.6,0.7515151515151515,0.5662100456621004,0.6458333333333334,0.6996301747235745
Random Forest (depth=3),0.7294117647058823,0.7613168724279835,0.8447488584474886,0.8008658008658008,0.7354805841729877
