Model,Accuracy,Precision,Recall,F1,ROC_AUC
Level 3 (Temporal),0.935064935064935,0.971830985915493,0.9583333333333334,0.965034965034965,0.975
