{
  "task": "Survival Prediction (Long vs Short)",
  "threshold_weeks": 72.5,
  "seed": 42,
  "models": {
    "Logistic Regression": {
      "roc_auc_mean": 0.6694444444444445,
      "roc_auc_std": 0.07827223779780762,
      "accuracy_mean": 0.5882352941176471,
      "f1_mean": 0.5709843235539831,
      "confusion_matrix": [
        [
          26,
          16
        ],
        [
          19,
          24
        ]
      ]
    },
    "Random Forest": {
      "roc_auc_mean": 0.6166666666666666,
      "roc_auc_std": 0.08722399148948658,
      "accuracy_mean": 0.611764705882353,
      "f1_mean": 0.6328018575851393,
      "confusion_matrix": [
        [
          23,
          19
        ],
        [
          14,
          29
        ]
      ]
    },
    "XGBoost": {
      "roc_auc_mean": 0.5833333333333333,
      "roc_auc_std": 0.07708020514173117,
      "accuracy_mean": 0.5647058823529412,
      "f1_mean": 0.5695768833849328,
      "confusion_matrix": [
        [
          23,
          19
        ],
        [
          18,
          25
        ]
      ]
    },
    "Gradient Boosting": {
      "roc_auc_mean": 0.625,
      "roc_auc_std": 0.0828690771676461,
      "accuracy_mean": 0.6588235294117648,
      "f1_mean": 0.660906432748538,
      "confusion_matrix": [
        [
          27,
          15
        ],
        [
          14,
          29
        ]
      ]
    },
    "SVM (RBF)": {
      "roc_auc_mean": 0.39999999999999997,
      "roc_auc_std": 0.13362237189784104,
      "accuracy_mean": 0.5529411764705883,
      "f1_mean": 0.5686274509803921,
      "confusion_matrix": [
        [
          22,
          20
        ],
        [
          18,
          25
        ]
      ]
    }
  }
}